workload,format,compression,frames,payload_bytes,fragments,deltas,payload_kbps,framed_kbps,encode_mean_us,decode_mean_us
idle,json-full,none,320,2430721,2560,0,1899.001,1941.001,42.427,94.665
idle,binary-full,none,320,2220942,2240,0,1735.111,1771.861,109.962,105.594
idle,binary-delta,none,320,197004,380,310,153.909,160.144,128.222,64.767
idle,bit-full,none,320,2163662,2240,0,1690.361,1727.111,107.723,104.625
idle,bit-delta,none,320,131193,380,310,102.495,108.729,123.490,61.001
idle,fixed-full,none,320,1801291,1920,0,1407.259,1438.759,99.891,98.847
idle,fixed-delta,none,320,93076,370,310,72.716,78.786,116.697,57.685
idle,fixed-fine-delta,none,320,93076,370,310,72.716,78.786,119.213,59.059
idle,fixed-chassis-delta,none,320,93076,370,310,72.716,78.786,117.735,58.035
idle,json-full,deflate-1,320,728722,960,0,569.314,585.064,62.609,107.370
idle,json-selected,deflate-1,320,191966,340,310,149.973,155.552,236.914,80.574
idle,binary-full,deflate-1,320,702528,960,0,548.850,564.600,127.582,120.036
idle,binary-delta,deflate-1,320,103000,340,310,80.469,86.047,153.654,68.501
idle,bit-full,deflate-1,320,708313,960,0,553.370,569.120,125.150,118.444
idle,bit-delta,deflate-1,320,87178,340,310,68.108,73.686,149.769,62.485
idle,fixed-full,deflate-1,320,634573,640,0,495.760,506.260,116.498,112.079
idle,fixed-delta,deflate-1,320,58189,330,310,45.460,50.874,139.959,59.164
idle,fixed-fine-delta,deflate-1,320,58189,330,310,45.460,50.874,139.927,59.270
idle,fixed-chassis-delta,deflate-1,320,58189,330,310,45.460,50.874,140.513,59.862
idle,json-full,zstd-3,320,647968,959,0,506.225,521.959,54.728,97.207
idle,json-selected,zstd-3,320,189801,339,310,148.282,153.844,224.153,76.280
idle,binary-full,zstd-3,320,645238,958,0,504.092,519.809,121.478,109.920
idle,binary-delta,zstd-3,320,95500,339,310,74.609,80.171,145.916,64.023
idle,bit-full,zstd-3,320,665262,960,0,519.736,535.486,124.907,113.936
idle,bit-delta,zstd-3,320,87383,340,310,68.268,73.846,139.617,62.432
idle,fixed-full,zstd-3,320,598565,640,0,467.629,478.129,112.263,104.820
idle,fixed-delta,zstd-3,320,58406,330,310,45.630,51.044,133.326,59.807
idle,fixed-fine-delta,zstd-3,320,58406,330,310,45.630,51.044,133.252,60.121
idle,fixed-chassis-delta,zstd-3,320,58406,330,310,45.630,51.044,131.974,59.592
idle,json-full,zstd-dict-3,320,176123,320,0,137.596,142.846,46.681,95.782
idle,json-selected,zstd-dict-3,320,101784,320,310,79.519,84.769,216.014,76.409
idle,binary-full,zstd-dict-3,320,528448,640,0,412.850,423.350,118.942,109.385
idle,binary-delta,zstd-dict-3,320,94911,330,310,74.149,79.563,144.895,65.144
idle,bit-full,zstd-dict-3,320,535121,640,0,418.063,428.563,119.250,110.649
idle,bit-delta,zstd-dict-3,320,84851,330,310,66.290,71.704,134.955,61.010
idle,fixed-full,zstd-dict-3,320,488128,640,0,381.350,391.850,109.270,103.639
idle,fixed-delta,zstd-dict-3,320,56487,330,310,44.130,49.545,127.492,58.480
idle,fixed-fine-delta,zstd-dict-3,320,56487,330,310,44.130,49.545,131.266,61.045
idle,fixed-chassis-delta,zstd-dict-3,320,56487,330,310,44.130,49.545,127.291,58.452
idle,binary-full,zstd-retrained-3,320,131840,320,0,103.000,108.250,112.410,107.636
idle,binary-delta,zstd-retrained-3,320,75369,320,310,58.882,64.132,132.186,63.225
idle,bit-full,zstd-retrained-3,320,136989,320,0,107.023,112.273,118.620,115.311
idle,bit-delta,zstd-retrained-3,320,72421,320,310,56.579,61.829,130.842,61.663
idle,fixed-full,zstd-retrained-3,320,96231,320,0,75.180,80.430,105.646,106.630
idle,fixed-delta,zstd-retrained-3,320,43382,320,310,33.892,39.142,134.077,67.604
idle,fixed-fine-delta,zstd-retrained-3,320,43314,320,310,33.839,39.089,137.918,68.376
idle,fixed-chassis-delta,zstd-retrained-3,320,43639,320,310,34.093,39.343,137.006,66.667
drive,json-full,none,320,3296537,3519,0,2575.420,2633.153,57.208,120.723
drive,binary-full,none,320,2883662,3192,0,2252.861,2305.230,140.415,135.705
drive,binary-delta,none,320,388056,462,310,303.169,310.748,165.326,83.398
drive,bit-full,none,320,2811982,2880,0,2196.861,2244.111,138.419,134.661
drive,bit-delta,none,320,263084,400,310,205.534,212.097,162.482,81.984
drive,fixed-full,none,320,2303713,2560,0,1799.776,1841.776,129.529,127.927
drive,fixed-delta,none,320,149142,390,310,116.517,122.916,154.307,77.923
drive,fixed-fine-delta,none,320,149142,390,310,116.517,122.916,154.478,78.103
drive,fixed-chassis-delta,none,320,149142,390,310,116.517,122.916,154.244,77.951
drive,json-full,deflate-1,320,943075,962,0,736.777,752.560,84.852,140.069
drive,json-selected,deflate-1,320,364729,650,310,284.945,295.609,351.635,115.757
drive,binary-full,deflate-1,320,842296,960,0,658.044,673.794,164.173,153.515
drive,binary-delta,deflate-1,320,227286,340,310,177.567,183.145,198.964,91.656
drive,bit-full,deflate-1,320,852007,960,0,665.630,681.380,160.819,152.198
drive,bit-delta,deflate-1,320,203034,340,310,158.620,164.198,193.022,84.063
drive,fixed-full,deflate-1,320,714342,960,0,558.080,573.830,148.592,142.205
drive,fixed-delta,deflate-1,320,100919,340,310,78.843,84.421,184.509,80.478
drive,fixed-fine-delta,deflate-1,320,100919,340,310,78.843,84.421,184.730,80.523
drive,fixed-chassis-delta,deflate-1,320,100919,340,310,78.843,84.421,185.728,81.028
drive,json-full,zstd-3,320,799990,960,0,624.992,640.742,71.713,126.444
drive,json-selected,zstd-3,320,315060,340,310,246.141,251.719,328.710,107.875
drive,binary-full,zstd-3,320,756721,960,0,591.188,606.938,158.256,145.256
drive,binary-delta,zstd-3,320,214714,340,310,167.745,173.323,186.048,85.112
drive,bit-full,zstd-3,320,786188,960,0,614.209,629.959,153.557,142.195
drive,bit-delta,zstd-3,320,200557,340,310,156.685,162.263,184.889,85.821
drive,fixed-full,zstd-3,320,664723,959,0,519.315,535.048,144.038,135.999
drive,fixed-delta,zstd-3,320,100371,339,310,78.415,83.977,170.679,79.228
drive,fixed-fine-delta,zstd-3,320,100371,339,310,78.415,83.977,170.791,79.559
drive,fixed-chassis-delta,zstd-3,320,100371,339,310,78.415,83.977,170.096,79.158
drive,json-full,zstd-dict-3,320,292200,320,0,228.281,233.531,64.488,126.313
drive,json-selected,zstd-dict-3,320,219988,320,310,171.866,177.116,320.157,108.339
drive,binary-full,zstd-dict-3,320,607852,640,0,474.884,485.384,158.585,145.323
drive,binary-delta,zstd-dict-3,320,219220,330,310,171.266,176.680,186.258,85.439
drive,bit-full,zstd-dict-3,320,628450,640,0,490.977,501.477,159.036,145.555
drive,bit-delta,zstd-dict-3,320,197700,330,310,154.453,159.867,196.256,96.453
drive,fixed-full,zstd-dict-3,320,545386,640,0,426.083,436.583,148.903,142.016
drive,fixed-delta,zstd-dict-3,320,98347,330,310,76.834,82.248,182.764,89.133
drive,fixed-fine-delta,zstd-dict-3,320,98347,330,310,76.834,82.248,209.593,101.611
drive,fixed-chassis-delta,zstd-dict-3,320,98347,330,310,76.834,82.248,175.303,84.255
drive,binary-full,zstd-retrained-3,320,211696,320,0,165.387,170.637,156.017,149.314
drive,binary-delta,zstd-retrained-3,320,188389,320,283,147.179,152.429,184.813,96.353
drive,bit-full,zstd-retrained-3,320,229171,320,0,179.040,184.290,151.624,144.818
drive,bit-delta,zstd-retrained-3,320,184983,320,299,144.518,149.768,176.248,87.038
drive,fixed-full,zstd-retrained-3,320,136652,320,0,106.759,112.009,135.334,133.315
drive,fixed-delta,zstd-retrained-3,320,84763,320,310,66.221,71.471,161.608,79.773
drive,fixed-fine-delta,zstd-retrained-3,320,84500,320,310,66.016,71.266,169.071,83.863
drive,fixed-chassis-delta,zstd-retrained-3,320,84966,320,310,66.380,71.630,161.548,79.554
twelve,json-full,none,320,11366586,11513,0,8880.145,9069.030,193.158,400.156
twelve,binary-full,none,320,9499662,9600,0,7421.611,7579.111,457.147,438.506
twelve,binary-delta,none,320,1692937,1878,310,1322.607,1353.418,542.025,279.595
twelve,bit-full,none,320,9283982,9592,0,7253.111,7410.480,461.374,448.645
twelve,bit-delta,none,320,1170146,1286,310,914.177,935.275,528.877,274.122
twelve,fixed-full,none,320,7424701,7677,0,5800.548,5926.498,418.281,408.153
twelve,fixed-delta,none,320,525690,599,310,410.695,420.523,492.985,254.726
twelve,fixed-fine-delta,none,320,525690,599,310,410.695,420.523,490.457,254.869
twelve,fixed-chassis-delta,none,320,525690,599,310,410.695,420.523,496.468,255.623
twelve,json-full,deflate-1,320,2003415,2207,0,1565.168,1601.377,261.238,451.799
twelve,json-selected,deflate-1,320,1135724,1300,310,887.284,908.612,1238.986,385.276
twelve,binary-full,deflate-1,320,1435069,1599,0,1121.148,1147.381,495.673,471.277
twelve,binary-delta,deflate-1,320,715742,948,310,559.173,574.727,600.886,299.567
twelve,bit-full,deflate-1,320,1465361,1599,0,1144.813,1171.047,493.134,475.213
twelve,bit-delta,deflate-1,320,786242,979,310,614.252,630.313,583.479,289.540
twelve,fixed-full,deflate-1,320,1080041,1280,0,843.782,864.782,457.090,442.665
twelve,fixed-delta,deflate-1,320,259008,361,310,202.350,208.273,537.683,266.910
twelve,fixed-fine-delta,deflate-1,320,259008,361,310,202.350,208.273,551.511,273.178
twelve,fixed-chassis-delta,deflate-1,320,259008,361,310,202.350,208.273,540.817,268.167
twelve,json-full,zstd-3,320,1260228,1372,0,984.553,1007.062,223.509,415.728
twelve,json-selected,zstd-3,320,692130,944,310,540.727,556.214,1171.367,361.029
twelve,binary-full,zstd-3,320,1128868,1279,0,881.928,902.912,493.871,460.260
twelve,binary-delta,zstd-3,320,616424,704,310,481.581,493.131,646.336,337.808
twelve,bit-full,zstd-3,320,1164078,1279,0,909.436,930.420,514.079,486.095
twelve,bit-delta,zstd-3,320,769073,967,310,600.838,616.703,575.433,284.817
twelve,fixed-full,zstd-3,320,807144,960,0,630.581,646.331,486.147,467.050
twelve,fixed-delta,zstd-3,320,245334,351,310,191.667,197.426,544.577,275.770
twelve,fixed-fine-delta,zstd-3,320,245334,351,310,191.667,197.426,531.979,268.236
twelve,fixed-chassis-delta,zstd-3,320,245334,351,310,191.667,197.426,541.678,274.431
twelve,json-full,zstd-dict-3,320,762530,958,0,595.727,611.444,245.474,434.514
twelve,json-selected,zstd-dict-3,320,613047,671,310,478.943,489.952,1243.892,384.453
twelve,binary-full,zstd-dict-3,320,998315,1245,0,779.934,800.359,512.923,478.748
twelve,binary-delta,zstd-dict-3,320,629744,754,310,491.988,504.358,652.573,330.788
twelve,bit-full,zstd-dict-3,320,1018021,1257,0,795.329,815.952,605.514,582.492
twelve,bit-delta,zstd-dict-3,320,775200,967,310,605.625,621.490,696.580,355.470
twelve,fixed-full,zstd-dict-3,320,650775,954,0,508.418,524.070,471.997,454.153
twelve,fixed-delta,zstd-dict-3,320,244156,351,310,190.747,196.505,562.610,286.046
twelve,fixed-fine-delta,zstd-dict-3,320,244156,351,310,190.747,196.505,563.587,285.804
twelve,fixed-chassis-delta,zstd-dict-3,320,244156,351,310,190.747,196.505,558.538,283.167
twelve,binary-full,zstd-retrained-3,320,584874,639,0,456.933,467.416,505.901,474.339
twelve,binary-delta,zstd-retrained-3,320,579146,639,64,452.458,462.941,601.104,434.602
twelve,bit-full,zstd-retrained-3,320,585907,640,0,457.740,468.240,503.406,474.715
twelve,bit-delta,zstd-retrained-3,320,585932,640,0,457.759,468.259,612.017,482.466
twelve,fixed-full,zstd-retrained-3,320,267332,320,0,208.853,214.103,481.626,478.235
twelve,fixed-delta,zstd-retrained-3,320,219755,320,174,171.684,176.934,602.179,408.074
twelve,fixed-fine-delta,zstd-retrained-3,320,219251,320,175,171.290,176.540,644.867,436.745
twelve,fixed-chassis-delta,zstd-retrained-3,320,221410,320,174,172.977,178.227,538.092,349.809
fire,json-full,none,320,4211034,4300,0,3289.870,3360.417,74.702,161.220
fire,binary-full,none,320,3556979,3696,0,2778.890,2839.527,184.703,186.515
fire,binary-delta,none,320,1077936,1213,310,842.138,862.038,229.595,127.899
fire,bit-full,none,320,3427873,3648,0,2678.026,2737.876,170.928,172.397
fire,bit-delta,none,320,826181,949,310,645.454,661.023,220.549,125.017
fire,fixed-full,none,320,2667128,2808,0,2083.694,2129.762,156.882,161.458
fire,fixed-delta,none,320,453626,633,310,354.395,364.780,204.590,115.285
fire,fixed-fine-delta,none,320,480295,638,310,375.230,385.698,204.207,117.873
fire,fixed-chassis-delta,none,320,704566,886,310,550.442,564.978,204.249,114.705
fire,json-full,deflate-1,320,1366905,1519,0,1067.895,1092.816,119.601,189.217
fire,json-selected,deflate-1,320,768616,907,310,600.481,615.362,461.022,162.328
fire,binary-full,deflate-1,320,1390203,1500,0,1086.096,1110.705,200.917,192.879
fire,binary-delta,deflate-1,320,764228,882,310,597.053,611.523,262.419,131.366
fire,bit-full,deflate-1,320,1390263,1504,0,1086.143,1110.818,195.404,190.347
fire,bit-delta,deflate-1,320,703358,869,310,549.498,563.755,255.386,126.988
fire,fixed-full,deflate-1,320,952094,1178,0,743.823,763.150,178.526,179.267
fire,fixed-delta,deflate-1,320,322116,550,310,251.653,260.677,227.053,116.992
fire,fixed-fine-delta,deflate-1,320,369113,572,310,288.370,297.754,228.796,115.200
fire,fixed-chassis-delta,deflate-1,320,606351,823,310,473.712,487.214,254.094,126.068
fire,json-full,zstd-3,320,1158497,1240,0,905.076,925.420,103.204,172.372
fire,json-selected,zstd-3,320,657647,872,310,513.787,528.093,494.726,172.565
fire,binary-full,zstd-3,320,1279774,1464,0,999.823,1023.842,199.355,187.692
fire,binary-delta,zstd-3,320,722828,873,310,564.709,579.032,267.641,133.756
fire,bit-full,zstd-3,320,1317732,1480,0,1029.478,1053.759,192.171,181.746
fire,bit-delta,zstd-3,320,703137,867,310,549.326,563.550,249.910,125.559
fire,fixed-full,zstd-3,320,906178,1058,0,707.952,725.309,173.722,170.481
fire,fixed-delta,zstd-3,320,324017,551,310,253.138,262.178,224.328,117.839
fire,fixed-fine-delta,zstd-3,320,370348,572,310,289.334,298.719,231.792,121.490
fire,fixed-chassis-delta,zstd-3,320,605910,823,310,473.367,486.870,228.115,114.842
fire,json-full,zstd-dict-3,320,635058,852,0,496.139,510.117,98.179,168.219
fire,json-selected,zstd-dict-3,320,563641,723,310,440.345,452.206,505.113,176.053
fire,binary-full,zstd-dict-3,320,1133175,1209,0,885.293,905.128,200.111,181.543
fire,binary-delta,zstd-dict-3,320,748259,871,310,584.577,598.867,267.898,127.842
fire,bit-full,zstd-dict-3,320,1154425,1313,0,901.895,923.436,203.187,186.980
fire,bit-delta,zstd-dict-3,320,709967,867,310,554.662,568.886,260.241,125.782
fire,fixed-full,zstd-dict-3,320,746179,908,0,582.952,597.849,173.494,167.703
fire,fixed-delta,zstd-dict-3,320,327377,548,310,255.763,264.754,215.710,109.633
fire,fixed-fine-delta,zstd-dict-3,320,373828,566,310,292.053,301.339,247.998,126.757
fire,fixed-chassis-delta,zstd-dict-3,320,612288,821,310,478.350,491.820,255.927,123.311
fire,binary-full,zstd-retrained-3,320,706907,852,0,552.271,566.249,199.422,184.217
fire,binary-delta,zstd-retrained-3,320,687461,846,200,537.079,550.959,252.887,143.010
fire,bit-full,zstd-retrained-3,320,729409,860,0,569.851,583.960,186.966,175.612
fire,bit-delta,zstd-retrained-3,320,679619,843,291,530.952,544.783,247.449,126.129
fire,fixed-full,zstd-retrained-3,320,352590,558,0,275.461,284.616,163.724,167.195
fire,fixed-delta,zstd-retrained-3,320,296582,526,310,231.705,240.334,212.370,116.488
fire,fixed-fine-delta,zstd-retrained-3,320,344485,548,310,269.129,278.120,229.336,121.077
fire,fixed-chassis-delta,zstd-retrained-3,320,582462,799,310,455.048,468.157,232.220,116.168
skirmish,json-full,none,320,14231041,14390,0,11118.001,11354.087,256.219,519.190
skirmish,binary-full,none,320,11228459,11413,0,8772.234,8959.478,555.206,553.583
skirmish,binary-delta,none,320,4975589,5154,310,3887.179,3971.737,734.693,418.649
skirmish,bit-full,none,320,10871345,11053,0,8493.238,8674.577,554.438,560.348
skirmish,bit-delta,none,320,3808741,3973,310,2975.579,3040.761,700.663,406.818
skirmish,fixed-full,none,320,8394044,8572,0,6557.847,6698.481,500.299,509.147
skirmish,fixed-delta,none,320,2124398,2268,310,1659.686,1696.895,646.037,396.514
skirmish,fixed-fine-delta,none,320,2199667,2406,310,1718.490,1757.963,658.680,391.034
skirmish,fixed-chassis-delta,none,320,2784363,2949,310,2175.284,2223.666,696.065,429.997
skirmish,json-full,deflate-1,320,4098752,4268,0,3202.150,3272.172,380.212,599.726
skirmish,json-selected,deflate-1,320,3229469,3408,310,2523.023,2578.935,1803.233,581.781
skirmish,binary-full,deflate-1,320,3785878,3962,0,2957.717,3022.719,616.743,596.148
skirmish,binary-delta,deflate-1,320,3230302,3406,310,2523.673,2579.553,866.781,469.414
skirmish,bit-full,deflate-1,320,3834040,4061,0,2995.344,3061.970,623.859,621.736
skirmish,bit-delta,deflate-1,320,2830034,2958,310,2210.964,2259.494,806.947,438.563
skirmish,fixed-full,deflate-1,320,2097618,2224,0,1638.764,1675.252,534.838,534.817
skirmish,fixed-delta,deflate-1,320,1210720,1358,310,945.875,968.155,693.789,395.678
skirmish,fixed-fine-delta,deflate-1,320,1304218,1433,310,1018.920,1042.430,759.526,446.206
skirmish,fixed-chassis-delta,deflate-1,320,1897347,2029,310,1482.302,1515.591,824.429,465.937
skirmish,json-full,zstd-3,320,3479022,3672,0,2717.986,2778.230,334.549,555.307
skirmish,json-selected,zstd-3,320,2821892,2935,310,2204.603,2252.755,1698.976,527.670
skirmish,binary-full,zstd-3,320,3487220,3702,0,2724.391,2785.127,627.805,596.606
skirmish,binary-delta,zstd-3,320,3009425,3164,310,2351.113,2403.023,843.851,448.188
skirmish,bit-full,zstd-3,320,3559980,3742,0,2781.234,2842.627,618.299,592.900
skirmish,bit-delta,zstd-3,320,2840683,2994,310,2219.284,2268.404,913.459,519.023
skirmish,fixed-full,zstd-3,320,1893952,2032,0,1479.650,1512.987,567.707,565.006
skirmish,fixed-delta,zstd-3,320,1201615,1351,310,938.762,960.927,796.235,473.064
skirmish,fixed-fine-delta,zstd-3,320,1287559,1423,310,1005.905,1029.252,781.042,466.048
skirmish,fixed-chassis-delta,zstd-3,320,1882975,2021,310,1471.074,1504.231,874.321,511.164
skirmish,json-full,zstd-dict-3,320,2913130,3106,0,2275.883,2326.841,415.385,556.796
skirmish,json-selected,zstd-dict-3,320,2682051,2853,310,2095.352,2142.159,1995.442,622.441
skirmish,binary-full,zstd-dict-3,320,3394927,3499,0,2652.287,2709.692,668.756,576.970
skirmish,binary-delta,zstd-dict-3,320,3104942,3272,310,2425.736,2479.417,921.935,440.276
skirmish,bit-full,zstd-dict-3,320,3417805,3530,0,2670.160,2728.074,636.092,558.794
skirmish,bit-delta,zstd-dict-3,320,2827084,2992,310,2208.659,2257.747,858.955,426.434
skirmish,fixed-full,zstd-dict-3,320,1731575,1900,0,1352.793,1383.965,566.934,559.245
skirmish,fixed-delta,zstd-dict-3,320,1195659,1330,310,934.109,955.929,696.047,387.459
skirmish,fixed-fine-delta,zstd-dict-3,320,1282343,1435,310,1001.830,1025.373,685.389,375.533
skirmish,fixed-chassis-delta,zstd-dict-3,320,1881513,2031,310,1469.932,1503.253,747.960,396.502
skirmish,binary-full,zstd-retrained-3,320,2893106,3102,0,2260.239,2311.131,667.302,584.490
skirmish,binary-delta,zstd-retrained-3,320,2859772,3058,68,2234.197,2284.367,917.111,545.455
skirmish,bit-full,zstd-retrained-3,320,2944307,3105,0,2300.240,2351.181,644.632,578.820
skirmish,bit-delta,zstd-retrained-3,320,2773678,2942,259,2166.936,2215.203,826.251,424.108
skirmish,fixed-full,zstd-retrained-3,320,1336756,1554,0,1044.341,1069.836,532.775,525.753
skirmish,fixed-delta,zstd-retrained-3,320,1157564,1309,277,904.347,925.823,754.397,443.146
skirmish,fixed-fine-delta,zstd-retrained-3,320,1242468,1390,308,970.678,993.483,825.117,490.400
skirmish,fixed-chassis-delta,zstd-retrained-3,320,1832132,1989,268,1431.353,1463.985,830.791,471.238
